
-- SaaS Subscription Analytics - Azure SQL DDL + Seed Data
-- Run this on your Azure SQL DB

IF OBJECT_ID('dbo.invoices','U') IS NOT NULL DROP TABLE dbo.invoices;
IF OBJECT_ID('dbo.subscriptions','U') IS NOT NULL DROP TABLE dbo.subscriptions;
IF OBJECT_ID('dbo.plans','U') IS NOT NULL DROP TABLE dbo.plans;
IF OBJECT_ID('dbo.customers','U') IS NOT NULL DROP TABLE dbo.customers;

CREATE TABLE dbo.customers(
  customer_id        VARCHAR(36) NOT NULL PRIMARY KEY,
  email_hash         CHAR(64)    NOT NULL,
  country            VARCHAR(2)  NULL,
  created_at         DATETIME2   NULL,
  last_updated       DATETIME2   NOT NULL
);

CREATE TABLE dbo.plans(
  plan_id            VARCHAR(36) NOT NULL PRIMARY KEY,
  plan_name          VARCHAR(50) NOT NULL,
  monthly_price      DECIMAL(10,2) NOT NULL,
  tier               VARCHAR(20) NOT NULL, -- basic/pro/enterprise
  effective_from     DATE NOT NULL,
  effective_to       DATE NULL,
  last_updated       DATETIME2 NOT NULL
);

CREATE TABLE dbo.subscriptions(
  subscription_id    VARCHAR(36) NOT NULL PRIMARY KEY,
  customer_id        VARCHAR(36) NOT NULL,
  plan_id            VARCHAR(36) NOT NULL,
  status             VARCHAR(20) NOT NULL, -- trialing/active/paused/canceled
  start_date         DATE NOT NULL,
  end_date           DATE NULL,
  last_updated       DATETIME2 NOT NULL,
  CONSTRAINT FK_sub_customer FOREIGN KEY (customer_id) REFERENCES dbo.customers(customer_id),
  CONSTRAINT FK_sub_plan     FOREIGN KEY (plan_id)     REFERENCES dbo.plans(plan_id)
);

CREATE TABLE dbo.invoices(
  invoice_id         VARCHAR(36) NOT NULL PRIMARY KEY,
  customer_id        VARCHAR(36) NOT NULL,
  subscription_id    VARCHAR(36) NOT NULL,
  invoice_date       DATE NOT NULL,
  amount             DECIMAL(10,2) NOT NULL,
  currency           CHAR(3) NOT NULL DEFAULT 'USD',
  paid               BIT NOT NULL,
  failure_reason     VARCHAR(50) NULL,
  last_updated       DATETIME2 NOT NULL,
  CONSTRAINT FK_inv_customer FOREIGN KEY (customer_id)     REFERENCES dbo.customers(customer_id),
  CONSTRAINT FK_inv_subscription FOREIGN KEY (subscription_id) REFERENCES dbo.subscriptions(subscription_id)
);

INSERT INTO dbo.plans(plan_id,plan_name,monthly_price,tier,effective_from,effective_to,last_updated) VALUES
('00000000-0000-0000-0000-000000000001','Basic',9.0,'basic','2025-01-01',NULL,'2025-08-24 02:00:00'),
('00000000-0000-0000-0000-000000000002','Pro',29.0,'pro','2025-01-01',NULL,'2025-08-24 02:00:00'),
('00000000-0000-0000-0000-000000000003','Enterprise',99.0,'enterprise','2025-01-01',NULL,'2025-08-24 02:00:00');

INSERT INTO dbo.customers(customer_id,email_hash,country,created_at,last_updated) VALUES
('00000000-0000-0000-0000-000000000001','b36a83701f1c3191e19722d6f90274bc1b5501fe69ebf33313e440fe4b0fe210','IN','2025-08-08 02:00:00','2025-08-24 02:00:00'),
('00000000-0000-0000-0000-000000000002','2b3b2b9ce842ab8b6a6c614cb1f9604bb8a0d502d1af49c526b72b10894e95b5','GB','2025-06-13 02:00:00','2025-08-24 02:00:00'),
('00000000-0000-0000-0000-000000000003','898628e28890f937bdf009391def42879c401a4bcf1b5fd24e738d9f5da8cbbb','US','2025-07-10 02:00:00','2025-08-24 02:00:00'),
('00000000-0000-0000-0000-000000000004','40d71d3f998c168e7a254e75c0a1020185cfc67ab52790be92502835953fc41d','IN','2025-03-28 02:00:00','2025-08-24 02:00:00'),
('00000000-0000-0000-0000-000000000005','4d8f4dd97e0c7b6fed6367bed08adc1fe2c7f6d22fc76f46d63c674c10e4d062','IN','2025-03-16 02:00:00','2025-08-24 02:00:00'),
('00000000-0000-0000-0000-000000000006','b430419a8a3fa1ce5cafd92d89fe3e832b39b1f1cab0f351c1b270b585d5eded','DE','2025-08-06 02:00:00','2025-08-24 02:00:00'),
('00000000-0000-0000-0000-000000000007','38121022af9b425b5dbf9b56823cf14183bd617022a8bc39a5843c9d7035d039','IN','2025-07-22 02:00:00','2025-08-24 02:00:00'),
('00000000-0000-0000-0000-000000000008','675657c179a97bde8a8cb572bfe434126b57311f5e9b49171855c5b6d0952dc5','US','2025-06-16 02:00:00','2025-08-24 02:00:00'),
('00000000-0000-0000-0000-000000000009','b1e700bec7b4c7c386a589aa095a87af1792fe4b7b95c011e52e6f73327b098e','AU','2025-03-13 02:00:00','2025-08-24 02:00:00'),
('00000000-0000-0000-0000-000000000010','1cc95683bbb5c48117e33ef95a500d2224f8c0df2e32b608622b51db69956982','IN','2025-03-24 02:00:00','2025-08-24 02:00:00'),
('00000000-0000-0000-0000-000000000011','69e6267c53626874ae2ad01d9acae62c21ddfc993ae0967df0a69e13ea2747d7','US','2025-03-01 02:00:00','2025-08-24 02:00:00'),
('00000000-0000-0000-0000-000000000012','882ecc75a8c8ab735ee5a9223cd6cd5e6bef1eec2a5da7957cb2a8ff7b2ab6cb','AU','2025-04-29 02:00:00','2025-08-24 02:00:00'),
('00000000-0000-0000-0000-000000000013','f221e7d82b835de7bab094045e7dd90e0451500180497c8c7d4fb5ee19568280','US','2025-04-22 02:00:00','2025-08-24 02:00:00'),
('00000000-0000-0000-0000-000000000014','241b6d9462fcc1986123393cd2e75cb4356647f401262691f7fe1f639415bca8','AU','2025-06-04 02:00:00','2025-08-24 02:00:00'),
('00000000-0000-0000-0000-000000000015','19e2f1dbc9e6c95e44b1ac158fc7da85ef17b7a10712408949cbb76c0327f768','IN','2025-07-05 02:00:00','2025-08-24 02:00:00'),
('00000000-0000-0000-0000-000000000016','67df3e41329159dd30a10d56995bd963cdf45bef4432d1cdddd034a61d6bf53f','DE','2025-05-19 02:00:00','2025-08-24 02:00:00'),
('00000000-0000-0000-0000-000000000017','93aa53ab9b59fb4220dc680e56f570703af13be19feff3c257436158db775050','GB','2025-07-06 02:00:00','2025-08-24 02:00:00'),
('00000000-0000-0000-0000-000000000018','488500947eaecc9083606cb4cd6b8b2dbce09e3b513c069aa55ce11026bf88e5','US','2025-05-20 02:00:00','2025-08-24 02:00:00'),
('00000000-0000-0000-0000-000000000019','66539894c8b69c8b65d6eb5eae0dcdecfc811c8ec3d4d3ab1bb135d9a8b778ad','IN','2025-07-22 02:00:00','2025-08-24 02:00:00'),
('00000000-0000-0000-0000-000000000020','874c06ecc187c90d2fbdc21ef3b70c202e378e380cee50ad564ec11351f66341','DE','2025-07-21 02:00:00','2025-08-24 02:00:00'),
('00000000-0000-0000-0000-000000000021','7f76695c184a7084f522c097b2cfa304224a1be5fd07a517097532899a00d1e7','GB','2025-05-18 02:00:00','2025-08-24 02:00:00'),
('00000000-0000-0000-0000-000000000022','686376fa04fb444aa2dba70805e188a2443dc0d536c1753f5a41f2b6fd21ac57','AU','2025-06-08 02:00:00','2025-08-24 02:00:00'),
('00000000-0000-0000-0000-000000000023','edd264cc8a18a5c5ecf6b013a0d566c0834fa821459682407a880943d7923553','IN','2025-04-19 02:00:00','2025-08-24 02:00:00'),
('00000000-0000-0000-0000-000000000024','455e611757446dab1b02b2c4553727ba622bbd922cd1fb2a2cd6dcfa2978f68b','AU','2025-07-14 02:00:00','2025-08-24 02:00:00'),
('00000000-0000-0000-0000-000000000025','8c25af03c57c291b8dc1ecebab5688d2bc6b38c913102d5542406324e2668bb8','DE','2025-07-25 02:00:00','2025-08-24 02:00:00'),
('00000000-0000-0000-0000-000000000026','72b2c786c65f1ba907092b7f8066e7a017da40d4dcf3f6199d44de48487420b2','AU','2025-05-31 02:00:00','2025-08-24 02:00:00'),
('00000000-0000-0000-0000-000000000027','cc491774cd2fdb0b6b9c51c5c7486537ff5001aef68eaed81e740e6d2018b66a','AU','2025-05-14 02:00:00','2025-08-24 02:00:00'),
('00000000-0000-0000-0000-000000000028','ad4552a28b86fc1eb3721b24c2fef76fa7660949437e0f8bd3713b1b7237bfd9','AU','2025-06-26 02:00:00','2025-08-24 02:00:00'),
('00000000-0000-0000-0000-000000000029','465b1d6ac7dc2426ecdb8d4088e48df6da123fd1eb308cebf6a5343e7d962c9d','IN','2025-08-03 02:00:00','2025-08-24 02:00:00'),
('00000000-0000-0000-0000-000000000030','ec0946868db078d04539e484582e614c94bb7e44a565b54efb24c2bdc09ffdab','US','2025-06-01 02:00:00','2025-08-24 02:00:00'),
('00000000-0000-0000-0000-000000000031','efd6a580de69c99cd883b63a77cda4e9bd7d79fa66d8b5c775153adceb39dd20','IN','2025-06-16 02:00:00','2025-08-24 02:00:00'),
('00000000-0000-0000-0000-000000000032','7d2438818506f2057014c918930174ff5387b0f67eab305cf857fac65c7f1bfd','IN','2025-05-09 02:00:00','2025-08-24 02:00:00'),
('00000000-0000-0000-0000-000000000033','a562ac3d4054b78aa1897e6ce90928f8b377249be294aaa63d6f84d3ff827af7','GB','2025-04-20 02:00:00','2025-08-24 02:00:00'),
('00000000-0000-0000-0000-000000000034','ba28612cb0c7ca6b13391a1bb7ed21945f0a95c67481bb5bbcc97b58a84b2e45','GB','2025-07-04 02:00:00','2025-08-24 02:00:00'),
('00000000-0000-0000-0000-000000000035','fbc9d5c359d8c01ac6af7e1c07397432bdd2f2f8570fa9ec603e710e92a5a133','GB','2025-05-16 02:00:00','2025-08-24 02:00:00'),
('00000000-0000-0000-0000-000000000036','0276ee7a363ce7dbf1f6daf66d22d1d80737cdc27b374c833b46d8618e05e305','US','2025-06-07 02:00:00','2025-08-24 02:00:00'),
('00000000-0000-0000-0000-000000000037','70d10a9896d627e766bcbc4fa65ce2326c2168e83c257f49945856a77c5f18dd','IN','2025-03-12 02:00:00','2025-08-24 02:00:00'),
('00000000-0000-0000-0000-000000000038','c3a3191664df0d5c02f99c3e764eeeaa6b45b66ae80fdcfbebf056846a4c443d','US','2025-03-31 02:00:00','2025-08-24 02:00:00'),
('00000000-0000-0000-0000-000000000039','8d9af2fcf6d24b79c9801982f6d541f06023b25c189600479fa84a78d0013863','US','2025-07-04 02:00:00','2025-08-24 02:00:00'),
('00000000-0000-0000-0000-000000000040','a6d62fadd3064af68712b05c35bfbce07416ac011013014b4e66e37cadb3c309','DE','2025-05-09 02:00:00','2025-08-24 02:00:00'),
('00000000-0000-0000-0000-000000000041','33c43b6e6295656b7f3e3eb0deaef8d97809fa20bdd12186d83e32eae998bc69','GB','2025-03-04 02:00:00','2025-08-24 02:00:00'),
('00000000-0000-0000-0000-000000000042','0b4eed6a0d5eab16ee89d796aeb47fcc0f21394df7f54c8b3baf72467a67da6c','AU','2025-06-19 02:00:00','2025-08-24 02:00:00'),
('00000000-0000-0000-0000-000000000043','d594f7e25f464bde603a9732a1add02a8ef65fb7081743abfa4e469aa05f49a9','GB','2025-07-31 02:00:00','2025-08-24 02:00:00'),
('00000000-0000-0000-0000-000000000044','02a6a65b6c88b0dcc0bdd1a7c13493797820f72295ff3463eff6858d3e63e94c','US','2025-08-06 02:00:00','2025-08-24 02:00:00'),
('00000000-0000-0000-0000-000000000045','5a9a9d95db29e072ca70ff46c84e9ba83d7adf04655d47ed1e16e40060f459e1','GB','2025-05-04 02:00:00','2025-08-24 02:00:00'),
('00000000-0000-0000-0000-000000000046','048389ec00f05f7fade4eff690f7a48611d923df70ae5a7ab33087b1b8db3e09','GB','2025-07-29 02:00:00','2025-08-24 02:00:00'),
('00000000-0000-0000-0000-000000000047','159ea7cd62233088a2496cfa4c4526562b6fc572636386903113bdedb8cca39b','US','2025-03-22 02:00:00','2025-08-24 02:00:00'),
('00000000-0000-0000-0000-000000000048','f5cd92ba48393c1c5f4cea57db2776564e45418c753dec5ee8bf3f20236392c9','GB','2025-06-21 02:00:00','2025-08-24 02:00:00'),
('00000000-0000-0000-0000-000000000049','25ed52f3b8a3b88a725f960c2b1e50927fce5d8822f40d29848e9e784183b339','DE','2025-05-05 02:00:00','2025-08-24 02:00:00'),
('00000000-0000-0000-0000-000000000050','8e6a08fb163c348aa4751eb7f0d41a213e3f8af8ae2f8a84f6d894bc80d2c1ee','DE','2025-07-09 02:00:00','2025-08-24 02:00:00');

INSERT INTO dbo.subscriptions(subscription_id,customer_id,plan_id,status,start_date,end_date,last_updated) VALUES
('10000000-0000-0000-0000-000000000001','00000000-0000-0000-0000-000000000001','00000000-0000-0000-0000-000000000002','trialing','2025-05-20',NULL,'2025-08-24 02:00:00'),
('10000000-0000-0000-0000-000000000002','00000000-0000-0000-0000-000000000002','00000000-0000-0000-0000-000000000003','active','2025-05-20',NULL,'2025-08-24 02:00:00'),
('10000000-0000-0000-0000-000000000003','00000000-0000-0000-0000-000000000003','00000000-0000-0000-0000-000000000003','active','2025-06-10',NULL,'2025-08-24 02:00:00'),
('10000000-0000-0000-0000-000000000004','00000000-0000-0000-0000-000000000004','00000000-0000-0000-0000-000000000002','active','2025-08-06',NULL,'2025-08-24 02:00:00'),
('10000000-0000-0000-0000-000000000005','00000000-0000-0000-0000-000000000005','00000000-0000-0000-0000-000000000003','active','2025-05-19',NULL,'2025-08-24 02:00:00'),
('10000000-0000-0000-0000-000000000006','00000000-0000-0000-0000-000000000006','00000000-0000-0000-0000-000000000001','canceled','2025-08-04','2025-08-04','2025-08-24 02:00:00'),
('10000000-0000-0000-0000-000000000007','00000000-0000-0000-0000-000000000007','00000000-0000-0000-0000-000000000001','paused','2025-06-30',NULL,'2025-08-24 02:00:00'),
('10000000-0000-0000-0000-000000000008','00000000-0000-0000-0000-000000000008','00000000-0000-0000-0000-000000000003','trialing','2025-07-06',NULL,'2025-08-24 02:00:00'),
('10000000-0000-0000-0000-000000000009','00000000-0000-0000-0000-000000000009','00000000-0000-0000-0000-000000000003','canceled','2025-06-17','2025-08-16','2025-08-24 02:00:00'),
('10000000-0000-0000-0000-000000000010','00000000-0000-0000-0000-000000000010','00000000-0000-0000-0000-000000000003','canceled','2025-08-22','2025-08-03','2025-08-24 02:00:00'),
('10000000-0000-0000-0000-000000000011','00000000-0000-0000-0000-000000000011','00000000-0000-0000-0000-000000000003','trialing','2025-05-02',NULL,'2025-08-24 02:00:00'),
('10000000-0000-0000-0000-000000000012','00000000-0000-0000-0000-000000000012','00000000-0000-0000-0000-000000000003','paused','2025-05-17',NULL,'2025-08-24 02:00:00'),
('10000000-0000-0000-0000-000000000013','00000000-0000-0000-0000-000000000013','00000000-0000-0000-0000-000000000003','active','2025-07-17',NULL,'2025-08-24 02:00:00'),
('10000000-0000-0000-0000-000000000014','00000000-0000-0000-0000-000000000014','00000000-0000-0000-0000-000000000002','trialing','2025-08-23',NULL,'2025-08-24 02:00:00'),
('10000000-0000-0000-0000-000000000015','00000000-0000-0000-0000-000000000015','00000000-0000-0000-0000-000000000003','canceled','2025-07-21','2025-08-08','2025-08-24 02:00:00'),
('10000000-0000-0000-0000-000000000016','00000000-0000-0000-0000-000000000016','00000000-0000-0000-0000-000000000001','active','2025-08-10',NULL,'2025-08-24 02:00:00'),
('10000000-0000-0000-0000-000000000017','00000000-0000-0000-0000-000000000017','00000000-0000-0000-0000-000000000003','active','2025-06-03',NULL,'2025-08-24 02:00:00'),
('10000000-0000-0000-0000-000000000018','00000000-0000-0000-0000-000000000018','00000000-0000-0000-0000-000000000003','active','2025-08-04',NULL,'2025-08-24 02:00:00'),
('10000000-0000-0000-0000-000000000019','00000000-0000-0000-0000-000000000019','00000000-0000-0000-0000-000000000002','paused','2025-06-15',NULL,'2025-08-24 02:00:00'),
('10000000-0000-0000-0000-000000000020','00000000-0000-0000-0000-000000000020','00000000-0000-0000-0000-000000000003','canceled','2025-06-08','2025-08-14','2025-08-24 02:00:00'),
('10000000-0000-0000-0000-000000000021','00000000-0000-0000-0000-000000000021','00000000-0000-0000-0000-000000000002','trialing','2025-04-27',NULL,'2025-08-24 02:00:00'),
('10000000-0000-0000-0000-000000000022','00000000-0000-0000-0000-000000000022','00000000-0000-0000-0000-000000000002','canceled','2025-05-09','2025-07-30','2025-08-24 02:00:00'),
('10000000-0000-0000-0000-000000000023','00000000-0000-0000-0000-000000000023','00000000-0000-0000-0000-000000000002','active','2025-07-24',NULL,'2025-08-24 02:00:00'),
('10000000-0000-0000-0000-000000000024','00000000-0000-0000-0000-000000000024','00000000-0000-0000-0000-000000000003','canceled','2025-08-13','2025-08-01','2025-08-24 02:00:00'),
('10000000-0000-0000-0000-000000000025','00000000-0000-0000-0000-000000000025','00000000-0000-0000-0000-000000000002','paused','2025-05-18',NULL,'2025-08-24 02:00:00'),
('10000000-0000-0000-0000-000000000026','00000000-0000-0000-0000-000000000026','00000000-0000-0000-0000-000000000003','paused','2025-08-07',NULL,'2025-08-24 02:00:00'),
('10000000-0000-0000-0000-000000000027','00000000-0000-0000-0000-000000000027','00000000-0000-0000-0000-000000000003','active','2025-06-14',NULL,'2025-08-24 02:00:00'),
('10000000-0000-0000-0000-000000000028','00000000-0000-0000-0000-000000000028','00000000-0000-0000-0000-000000000001','active','2025-05-04',NULL,'2025-08-24 02:00:00'),
('10000000-0000-0000-0000-000000000029','00000000-0000-0000-0000-000000000029','00000000-0000-0000-0000-000000000003','active','2025-07-27',NULL,'2025-08-24 02:00:00'),
('10000000-0000-0000-0000-000000000030','00000000-0000-0000-0000-000000000030','00000000-0000-0000-0000-000000000003','paused','2025-05-27',NULL,'2025-08-24 02:00:00'),
('10000000-0000-0000-0000-000000000031','00000000-0000-0000-0000-000000000031','00000000-0000-0000-0000-000000000001','active','2025-07-03',NULL,'2025-08-24 02:00:00'),
('10000000-0000-0000-0000-000000000032','00000000-0000-0000-0000-000000000032','00000000-0000-0000-0000-000000000003','active','2025-06-28',NULL,'2025-08-24 02:00:00'),
('10000000-0000-0000-0000-000000000033','00000000-0000-0000-0000-000000000033','00000000-0000-0000-0000-000000000003','active','2025-07-23',NULL,'2025-08-24 02:00:00'),
('10000000-0000-0000-0000-000000000034','00000000-0000-0000-0000-000000000034','00000000-0000-0000-0000-000000000001','trialing','2025-08-21',NULL,'2025-08-24 02:00:00'),
('10000000-0000-0000-0000-000000000035','00000000-0000-0000-0000-000000000035','00000000-0000-0000-0000-000000000003','active','2025-06-09',NULL,'2025-08-24 02:00:00'),
('10000000-0000-0000-0000-000000000036','00000000-0000-0000-0000-000000000036','00000000-0000-0000-0000-000000000001','trialing','2025-05-25',NULL,'2025-08-24 02:00:00'),
('10000000-0000-0000-0000-000000000037','00000000-0000-0000-0000-000000000037','00000000-0000-0000-0000-000000000003','trialing','2025-08-15',NULL,'2025-08-24 02:00:00'),
('10000000-0000-0000-0000-000000000038','00000000-0000-0000-0000-000000000038','00000000-0000-0000-0000-000000000001','canceled','2025-08-14','2025-08-08','2025-08-24 02:00:00'),
('10000000-0000-0000-0000-000000000039','00000000-0000-0000-0000-000000000039','00000000-0000-0000-0000-000000000001','active','2025-06-22',NULL,'2025-08-24 02:00:00'),
('10000000-0000-0000-0000-000000000040','00000000-0000-0000-0000-000000000040','00000000-0000-0000-0000-000000000001','active','2025-05-23',NULL,'2025-08-24 02:00:00'),
('10000000-0000-0000-0000-000000000041','00000000-0000-0000-0000-000000000041','00000000-0000-0000-0000-000000000003','active','2025-07-23',NULL,'2025-08-24 02:00:00'),
('10000000-0000-0000-0000-000000000042','00000000-0000-0000-0000-000000000042','00000000-0000-0000-0000-000000000002','paused','2025-07-30',NULL,'2025-08-24 02:00:00'),
('10000000-0000-0000-0000-000000000043','00000000-0000-0000-0000-000000000043','00000000-0000-0000-0000-000000000001','trialing','2025-06-29',NULL,'2025-08-24 02:00:00'),
('10000000-0000-0000-0000-000000000044','00000000-0000-0000-0000-000000000044','00000000-0000-0000-0000-000000000002','active','2025-06-25',NULL,'2025-08-24 02:00:00'),
('10000000-0000-0000-0000-000000000045','00000000-0000-0000-0000-000000000045','00000000-0000-0000-0000-000000000003','trialing','2025-06-01',NULL,'2025-08-24 02:00:00'),
('10000000-0000-0000-0000-000000000046','00000000-0000-0000-0000-000000000046','00000000-0000-0000-0000-000000000003','trialing','2025-07-03',NULL,'2025-08-24 02:00:00'),
('10000000-0000-0000-0000-000000000047','00000000-0000-0000-0000-000000000047','00000000-0000-0000-0000-000000000003','active','2025-05-05',NULL,'2025-08-24 02:00:00'),
('10000000-0000-0000-0000-000000000048','00000000-0000-0000-0000-000000000048','00000000-0000-0000-0000-000000000001','active','2025-07-30',NULL,'2025-08-24 02:00:00'),
('10000000-0000-0000-0000-000000000049','00000000-0000-0000-0000-000000000049','00000000-0000-0000-0000-000000000003','active','2025-06-30',NULL,'2025-08-24 02:00:00'),
('10000000-0000-0000-0000-000000000050','00000000-0000-0000-0000-000000000050','00000000-0000-0000-0000-000000000001','active','2025-07-23',NULL,'2025-08-24 02:00:00');

INSERT INTO dbo.invoices(invoice_id,customer_id,subscription_id,invoice_date,amount,currency,paid,failure_reason,last_updated) VALUES
('20000000-0000-0000-0000-000000000001','00000000-0000-0000-0000-000000000002','10000000-0000-0000-0000-000000000002','2025-06-29',99.0,'USD',1,NULL,'2025-08-24 02:00:00'),
('20000000-0000-0000-0000-000000000002','00000000-0000-0000-0000-000000000003','10000000-0000-0000-0000-000000000003','2025-08-12',99.0,'USD',0,'expired_card','2025-08-24 02:00:00'),
('20000000-0000-0000-0000-000000000003','00000000-0000-0000-0000-000000000003','10000000-0000-0000-0000-000000000003','2025-08-23',99.0,'USD',1,NULL,'2025-08-24 02:00:00'),
('20000000-0000-0000-0000-000000000004','00000000-0000-0000-0000-000000000003','10000000-0000-0000-0000-000000000003','2025-07-25',99.0,'USD',1,NULL,'2025-08-24 02:00:00'),
('20000000-0000-0000-0000-000000000005','00000000-0000-0000-0000-000000000004','10000000-0000-0000-0000-000000000004','2025-06-24',29.0,'USD',1,NULL,'2025-08-24 02:00:00'),
('20000000-0000-0000-0000-000000000006','00000000-0000-0000-0000-000000000004','10000000-0000-0000-0000-000000000004','2025-07-04',29.0,'USD',1,NULL,'2025-08-24 02:00:00'),
('20000000-0000-0000-0000-000000000007','00000000-0000-0000-0000-000000000005','10000000-0000-0000-0000-000000000005','2025-07-07',99.0,'USD',0,'insufficient_funds','2025-08-24 02:00:00'),
('20000000-0000-0000-0000-000000000008','00000000-0000-0000-0000-000000000006','10000000-0000-0000-0000-000000000006','2025-06-27',9.0,'USD',1,NULL,'2025-08-24 02:00:00'),
('20000000-0000-0000-0000-000000000009','00000000-0000-0000-0000-000000000006','10000000-0000-0000-0000-000000000006','2025-05-27',9.0,'USD',1,NULL,'2025-08-24 02:00:00'),
('20000000-0000-0000-0000-000000000010','00000000-0000-0000-0000-000000000007','10000000-0000-0000-0000-000000000007','2025-06-01',9.0,'USD',1,NULL,'2025-08-24 02:00:00'),
('20000000-0000-0000-0000-000000000011','00000000-0000-0000-0000-000000000007','10000000-0000-0000-0000-000000000007','2025-08-05',9.0,'USD',1,NULL,'2025-08-24 02:00:00'),
('20000000-0000-0000-0000-000000000012','00000000-0000-0000-0000-000000000007','10000000-0000-0000-0000-000000000007','2025-07-28',9.0,'USD',1,NULL,'2025-08-24 02:00:00'),
('20000000-0000-0000-0000-000000000013','00000000-0000-0000-0000-000000000009','10000000-0000-0000-0000-000000000009','2025-06-16',99.0,'USD',0,'insufficient_funds','2025-08-24 02:00:00'),
('20000000-0000-0000-0000-000000000014','00000000-0000-0000-0000-000000000009','10000000-0000-0000-0000-000000000009','2025-08-17',99.0,'USD',0,'insufficient_funds','2025-08-24 02:00:00'),
('20000000-0000-0000-0000-000000000015','00000000-0000-0000-0000-000000000009','10000000-0000-0000-0000-000000000009','2025-06-21',99.0,'USD',1,NULL,'2025-08-24 02:00:00'),
('20000000-0000-0000-0000-000000000016','00000000-0000-0000-0000-000000000010','10000000-0000-0000-0000-000000000010','2025-08-04',99.0,'USD',0,'expired_card','2025-08-24 02:00:00'),
('20000000-0000-0000-0000-000000000017','00000000-0000-0000-0000-000000000010','10000000-0000-0000-0000-000000000010','2025-08-14',99.0,'USD',1,NULL,'2025-08-24 02:00:00'),
('20000000-0000-0000-0000-000000000018','00000000-0000-0000-0000-000000000010','10000000-0000-0000-0000-000000000010','2025-08-16',99.0,'USD',1,NULL,'2025-08-24 02:00:00'),
('20000000-0000-0000-0000-000000000019','00000000-0000-0000-0000-000000000012','10000000-0000-0000-0000-000000000012','2025-07-25',99.0,'USD',1,NULL,'2025-08-24 02:00:00'),
('20000000-0000-0000-0000-000000000020','00000000-0000-0000-0000-000000000012','10000000-0000-0000-0000-000000000012','2025-06-13',99.0,'USD',1,NULL,'2025-08-24 02:00:00'),
('20000000-0000-0000-0000-000000000021','00000000-0000-0000-0000-000000000012','10000000-0000-0000-0000-000000000012','2025-06-09',99.0,'USD',0,'card_declined','2025-08-24 02:00:00'),
('20000000-0000-0000-0000-000000000022','00000000-0000-0000-0000-000000000013','10000000-0000-0000-0000-000000000013','2025-06-01',99.0,'USD',1,NULL,'2025-08-24 02:00:00'),
('20000000-0000-0000-0000-000000000023','00000000-0000-0000-0000-000000000013','10000000-0000-0000-0000-000000000013','2025-06-19',99.0,'USD',1,NULL,'2025-08-24 02:00:00'),
('20000000-0000-0000-0000-000000000024','00000000-0000-0000-0000-000000000015','10000000-0000-0000-0000-000000000015','2025-07-29',99.0,'USD',1,NULL,'2025-08-24 02:00:00'),
('20000000-0000-0000-0000-000000000025','00000000-0000-0000-0000-000000000015','10000000-0000-0000-0000-000000000015','2025-07-15',99.0,'USD',1,NULL,'2025-08-24 02:00:00'),
('20000000-0000-0000-0000-000000000026','00000000-0000-0000-0000-000000000016','10000000-0000-0000-0000-000000000016','2025-08-08',9.0,'USD',1,NULL,'2025-08-24 02:00:00'),
('20000000-0000-0000-0000-000000000027','00000000-0000-0000-0000-000000000016','10000000-0000-0000-0000-000000000016','2025-07-17',9.0,'USD',1,NULL,'2025-08-24 02:00:00'),
('20000000-0000-0000-0000-000000000028','00000000-0000-0000-0000-000000000017','10000000-0000-0000-0000-000000000017','2025-08-23',99.0,'USD',1,NULL,'2025-08-24 02:00:00'),
('20000000-0000-0000-0000-000000000029','00000000-0000-0000-0000-000000000018','10000000-0000-0000-0000-000000000018','2025-08-12',99.0,'USD',0,'card_declined','2025-08-24 02:00:00'),
('20000000-0000-0000-0000-000000000030','00000000-0000-0000-0000-000000000018','10000000-0000-0000-0000-000000000018','2025-06-21',99.0,'USD',1,NULL,'2025-08-24 02:00:00'),
('20000000-0000-0000-0000-000000000031','00000000-0000-0000-0000-000000000018','10000000-0000-0000-0000-000000000018','2025-07-11',99.0,'USD',1,NULL,'2025-08-24 02:00:00'),
('20000000-0000-0000-0000-000000000032','00000000-0000-0000-0000-000000000019','10000000-0000-0000-0000-000000000019','2025-07-08',29.0,'USD',1,NULL,'2025-08-24 02:00:00'),
('20000000-0000-0000-0000-000000000033','00000000-0000-0000-0000-000000000020','10000000-0000-0000-0000-000000000020','2025-06-16',99.0,'USD',1,NULL,'2025-08-24 02:00:00'),
('20000000-0000-0000-0000-000000000034','00000000-0000-0000-0000-000000000020','10000000-0000-0000-0000-000000000020','2025-06-07',99.0,'USD',1,NULL,'2025-08-24 02:00:00'),
('20000000-0000-0000-0000-000000000035','00000000-0000-0000-0000-000000000022','10000000-0000-0000-0000-000000000022','2025-06-18',29.0,'USD',0,'expired_card','2025-08-24 02:00:00'),
('20000000-0000-0000-0000-000000000036','00000000-0000-0000-0000-000000000022','10000000-0000-0000-0000-000000000022','2025-07-17',29.0,'USD',1,NULL,'2025-08-24 02:00:00'),
('20000000-0000-0000-0000-000000000037','00000000-0000-0000-0000-000000000022','10000000-0000-0000-0000-000000000022','2025-08-11',29.0,'USD',1,NULL,'2025-08-24 02:00:00'),
('20000000-0000-0000-0000-000000000038','00000000-0000-0000-0000-000000000023','10000000-0000-0000-0000-000000000023','2025-07-22',29.0,'USD',0,'card_declined','2025-08-24 02:00:00'),
('20000000-0000-0000-0000-000000000039','00000000-0000-0000-0000-000000000024','10000000-0000-0000-0000-000000000024','2025-06-15',99.0,'USD',1,NULL,'2025-08-24 02:00:00'),
('20000000-0000-0000-0000-000000000040','00000000-0000-0000-0000-000000000024','10000000-0000-0000-0000-000000000024','2025-07-19',99.0,'USD',1,NULL,'2025-08-24 02:00:00'),
('20000000-0000-0000-0000-000000000041','00000000-0000-0000-0000-000000000024','10000000-0000-0000-0000-000000000024','2025-07-12',99.0,'USD',1,NULL,'2025-08-24 02:00:00'),
('20000000-0000-0000-0000-000000000042','00000000-0000-0000-0000-000000000025','10000000-0000-0000-0000-000000000025','2025-07-22',29.0,'USD',1,NULL,'2025-08-24 02:00:00'),
('20000000-0000-0000-0000-000000000043','00000000-0000-0000-0000-000000000025','10000000-0000-0000-0000-000000000025','2025-07-23',29.0,'USD',1,NULL,'2025-08-24 02:00:00'),
('20000000-0000-0000-0000-000000000044','00000000-0000-0000-0000-000000000025','10000000-0000-0000-0000-000000000025','2025-08-18',29.0,'USD',0,'insufficient_funds','2025-08-24 02:00:00'),
('20000000-0000-0000-0000-000000000045','00000000-0000-0000-0000-000000000026','10000000-0000-0000-0000-000000000026','2025-08-19',99.0,'USD',0,'card_declined','2025-08-24 02:00:00'),
('20000000-0000-0000-0000-000000000046','00000000-0000-0000-0000-000000000026','10000000-0000-0000-0000-000000000026','2025-06-04',99.0,'USD',1,NULL,'2025-08-24 02:00:00'),
('20000000-0000-0000-0000-000000000047','00000000-0000-0000-0000-000000000027','10000000-0000-0000-0000-000000000027','2025-06-29',99.0,'USD',1,NULL,'2025-08-24 02:00:00'),
('20000000-0000-0000-0000-000000000048','00000000-0000-0000-0000-000000000028','10000000-0000-0000-0000-000000000028','2025-06-14',9.0,'USD',0,'card_declined','2025-08-24 02:00:00'),
('20000000-0000-0000-0000-000000000049','00000000-0000-0000-0000-000000000028','10000000-0000-0000-0000-000000000028','2025-05-28',9.0,'USD',1,NULL,'2025-08-24 02:00:00'),
('20000000-0000-0000-0000-000000000050','00000000-0000-0000-0000-000000000029','10000000-0000-0000-0000-000000000029','2025-08-20',99.0,'USD',1,NULL,'2025-08-24 02:00:00'),
('20000000-0000-0000-0000-000000000051','00000000-0000-0000-0000-000000000029','10000000-0000-0000-0000-000000000029','2025-06-11',99.0,'USD',1,NULL,'2025-08-24 02:00:00'),
('20000000-0000-0000-0000-000000000052','00000000-0000-0000-0000-000000000029','10000000-0000-0000-0000-000000000029','2025-06-30',99.0,'USD',0,'insufficient_funds','2025-08-24 02:00:00'),
('20000000-0000-0000-0000-000000000053','00000000-0000-0000-0000-000000000030','10000000-0000-0000-0000-000000000030','2025-08-19',99.0,'USD',1,NULL,'2025-08-24 02:00:00'),
('20000000-0000-0000-0000-000000000054','00000000-0000-0000-0000-000000000030','10000000-0000-0000-0000-000000000030','2025-07-29',99.0,'USD',1,NULL,'2025-08-24 02:00:00'),
('20000000-0000-0000-0000-000000000055','00000000-0000-0000-0000-000000000031','10000000-0000-0000-0000-000000000031','2025-08-11',9.0,'USD',1,NULL,'2025-08-24 02:00:00'),
('20000000-0000-0000-0000-000000000056','00000000-0000-0000-0000-000000000031','10000000-0000-0000-0000-000000000031','2025-06-14',9.0,'USD',1,NULL,'2025-08-24 02:00:00'),
('20000000-0000-0000-0000-000000000057','00000000-0000-0000-0000-000000000031','10000000-0000-0000-0000-000000000031','2025-07-03',9.0,'USD',1,NULL,'2025-08-24 02:00:00'),
('20000000-0000-0000-0000-000000000058','00000000-0000-0000-0000-000000000032','10000000-0000-0000-0000-000000000032','2025-08-05',99.0,'USD',1,NULL,'2025-08-24 02:00:00'),
('20000000-0000-0000-0000-000000000059','00000000-0000-0000-0000-000000000032','10000000-0000-0000-0000-000000000032','2025-07-25',99.0,'USD',1,NULL,'2025-08-24 02:00:00'),
('20000000-0000-0000-0000-000000000060','00000000-0000-0000-0000-000000000032','10000000-0000-0000-0000-000000000032','2025-08-02',99.0,'USD',1,NULL,'2025-08-24 02:00:00'),
('20000000-0000-0000-0000-000000000061','00000000-0000-0000-0000-000000000033','10000000-0000-0000-0000-000000000033','2025-08-02',99.0,'USD',1,NULL,'2025-08-24 02:00:00'),
('20000000-0000-0000-0000-000000000062','00000000-0000-0000-0000-000000000035','10000000-0000-0000-0000-000000000035','2025-07-03',99.0,'USD',1,NULL,'2025-08-24 02:00:00'),
('20000000-0000-0000-0000-000000000063','00000000-0000-0000-0000-000000000035','10000000-0000-0000-0000-000000000035','2025-07-24',99.0,'USD',1,NULL,'2025-08-24 02:00:00'),
('20000000-0000-0000-0000-000000000064','00000000-0000-0000-0000-000000000038','10000000-0000-0000-0000-000000000038','2025-08-11',9.0,'USD',1,NULL,'2025-08-24 02:00:00'),
('20000000-0000-0000-0000-000000000065','00000000-0000-0000-0000-000000000038','10000000-0000-0000-0000-000000000038','2025-08-20',9.0,'USD',1,NULL,'2025-08-24 02:00:00'),
('20000000-0000-0000-0000-000000000066','00000000-0000-0000-0000-000000000038','10000000-0000-0000-0000-000000000038','2025-07-27',9.0,'USD',1,NULL,'2025-08-24 02:00:00'),
('20000000-0000-0000-0000-000000000067','00000000-0000-0000-0000-000000000039','10000000-0000-0000-0000-000000000039','2025-07-11',9.0,'USD',1,NULL,'2025-08-24 02:00:00'),
('20000000-0000-0000-0000-000000000068','00000000-0000-0000-0000-000000000039','10000000-0000-0000-0000-000000000039','2025-07-26',9.0,'USD',1,NULL,'2025-08-24 02:00:00'),
('20000000-0000-0000-0000-000000000069','00000000-0000-0000-0000-000000000040','10000000-0000-0000-0000-000000000040','2025-07-31',9.0,'USD',1,NULL,'2025-08-24 02:00:00'),
('20000000-0000-0000-0000-000000000070','00000000-0000-0000-0000-000000000040','10000000-0000-0000-0000-000000000040','2025-07-20',9.0,'USD',1,NULL,'2025-08-24 02:00:00'),
('20000000-0000-0000-0000-000000000071','00000000-0000-0000-0000-000000000040','10000000-0000-0000-0000-000000000040','2025-07-20',9.0,'USD',1,NULL,'2025-08-24 02:00:00'),
('20000000-0000-0000-0000-000000000072','00000000-0000-0000-0000-000000000041','10000000-0000-0000-0000-000000000041','2025-07-04',99.0,'USD',1,NULL,'2025-08-24 02:00:00'),
('20000000-0000-0000-0000-000000000073','00000000-0000-0000-0000-000000000041','10000000-0000-0000-0000-000000000041','2025-06-17',99.0,'USD',1,NULL,'2025-08-24 02:00:00'),
('20000000-0000-0000-0000-000000000074','00000000-0000-0000-0000-000000000041','10000000-0000-0000-0000-000000000041','2025-08-21',99.0,'USD',0,'insufficient_funds','2025-08-24 02:00:00'),
('20000000-0000-0000-0000-000000000075','00000000-0000-0000-0000-000000000042','10000000-0000-0000-0000-000000000042','2025-06-11',29.0,'USD',1,NULL,'2025-08-24 02:00:00'),
('20000000-0000-0000-0000-000000000076','00000000-0000-0000-0000-000000000044','10000000-0000-0000-0000-000000000044','2025-08-20',29.0,'USD',0,'insufficient_funds','2025-08-24 02:00:00'),
('20000000-0000-0000-0000-000000000077','00000000-0000-0000-0000-000000000044','10000000-0000-0000-0000-000000000044','2025-07-11',29.0,'USD',1,NULL,'2025-08-24 02:00:00'),
('20000000-0000-0000-0000-000000000078','00000000-0000-0000-0000-000000000047','10000000-0000-0000-0000-000000000047','2025-06-30',99.0,'USD',1,NULL,'2025-08-24 02:00:00'),
('20000000-0000-0000-0000-000000000079','00000000-0000-0000-0000-000000000047','10000000-0000-0000-0000-000000000047','2025-06-20',99.0,'USD',0,'expired_card','2025-08-24 02:00:00'),
('20000000-0000-0000-0000-000000000080','00000000-0000-0000-0000-000000000048','10000000-0000-0000-0000-000000000048','2025-07-23',9.0,'USD',0,'insufficient_funds','2025-08-24 02:00:00'),
('20000000-0000-0000-0000-000000000081','00000000-0000-0000-0000-000000000049','10000000-0000-0000-0000-000000000049','2025-06-19',99.0,'USD',1,NULL,'2025-08-24 02:00:00'),
('20000000-0000-0000-0000-000000000082','00000000-0000-0000-0000-000000000050','10000000-0000-0000-0000-000000000050','2025-05-29',9.0,'USD',1,NULL,'2025-08-24 02:00:00'),
('20000000-0000-0000-0000-000000000083','00000000-0000-0000-0000-000000000050','10000000-0000-0000-0000-000000000050','2025-05-31',9.0,'USD',1,NULL,'2025-08-24 02:00:00'),
('20000000-0000-0000-0000-000000000084','00000000-0000-0000-0000-000000000050','10000000-0000-0000-0000-000000000050','2025-06-30',9.0,'USD',0,'expired_card','2025-08-24 02:00:00');
